id,value,id_phase,id_index,id_date
1,-1.5,1,1,1
2,-1.5,3,1,1
3,-1.3,1,1,2
4,-1.3,3,1,2
5,-1.2,1,1,3
6,-1.2,3,1,3
7,-1.2,1,1,4
8,-1.2,3,1,4
9,-1.1,1,1,5
10,-1.1,3,1,5
11,-0.8,1,1,6
12,-0.8,3,1,6
13,-0.5,1,1,7
14,-0.5,3,1,7
15,-0.4,2,1,8
16,-0.4,2,1,9
17,-0.4,2,1,10
18,-0.6,1,1,11
19,-0.6,3,1,11
20,-0.8,1,1,12
21,-0.8,3,1,12
22,-0.8,1,1,13
23,-0.8,3,1,13
24,-0.5,1,1,14
25,-0.5,3,1,14
26,-0.2,2,1,15
27,0.2,2,1,16
28,0.4,2,1,17
29,0.6,4,1,18
30,0.6,5,1,18
31,0.7,4,1,19
32,0.7,5,1,19
33,0.9,4,1,20
34,0.9,5,1,20
35,1.0,4,1,21
36,1.0,5,1,21
37,1.2,4,1,22
38,1.2,5,1,22
39,1.0,4,1,23
40,1.0,5,1,23
41,0.8,4,1,24
42,0.8,5,1,24
43,0.5,4,1,25
44,0.5,5,1,25
45,0.4,2,1,26
46,0.3,2,1,27
47,0.3,2,1,28
48,0.2,2,1,29
49,0.0,2,1,30
50,-0.1,2,1,31
51,0.0,2,1,32
52,0.2,2,1,33
53,0.1,2,1,34
54,0.0,2,1,35
55,0.2,2,1,36
56,0.4,2,1,37
57,0.6,4,1,38
58,0.6,5,1,38
59,0.6,4,1,39
60,0.6,5,1,39
61,0.7,4,1,40
62,0.7,5,1,40
63,0.8,4,1,41
64,0.8,5,1,41
65,0.8,4,1,42
66,0.8,5,1,42
67,0.8,4,1,43
68,0.8,5,1,43
69,0.7,4,1,44
70,0.7,5,1,44
71,0.8,4,1,45
72,0.8,5,1,45
73,0.8,4,1,46
74,0.8,5,1,46
75,0.8,4,1,47
76,0.8,5,1,47
77,0.8,4,1,48
78,0.8,5,1,48
79,0.8,4,1,49
80,0.8,5,1,49
81,0.5,4,1,50
82,0.5,5,1,50
83,-0.0,2,1,51
84,-0.4,2,1,52
85,-0.5,1,1,53
86,-0.5,3,1,53
87,-0.5,1,1,54
88,-0.5,3,1,54
89,-0.6,1,1,55
90,-0.6,3,1,55
91,-0.8,1,1,56
92,-0.8,3,1,56
93,-0.9,1,1,57
94,-0.9,3,1,57
95,-0.8,1,1,58
96,-0.8,3,1,58
97,-0.7,1,1,59
98,-0.7,3,1,59
99,-0.7,1,1,60
100,-0.7,3,1,60
101,-0.7,1,1,61
102,-0.7,3,1,61
103,-0.6,1,1,62
104,-0.6,3,1,62
105,-0.7,1,1,63
106,-0.7,3,1,63
107,-0.8,1,1,64
108,-0.8,3,1,64
109,-0.8,1,1,65
110,-0.8,3,1,65
111,-0.7,1,1,66
112,-0.7,3,1,66
113,-0.7,1,1,67
114,-0.7,3,1,67
115,-0.8,1,1,68
116,-0.8,3,1,68
117,-1.1,1,1,69
118,-1.1,3,1,69
119,-1.4,1,1,70
120,-1.4,3,1,70
121,-1.7,1,1,71
122,-1.7,3,1,71
123,-1.5,1,1,72
124,-1.5,3,1,72
125,-1.1,1,1,73
126,-1.1,3,1,73
127,-0.8,1,1,74
128,-0.8,3,1,74
129,-0.6,1,1,75
130,-0.6,3,1,75
131,-0.5,1,1,76
132,-0.5,3,1,76
133,-0.5,1,1,77
134,-0.5,3,1,77
135,-0.5,1,1,78
136,-0.5,3,1,78
137,-0.6,1,1,79
138,-0.6,3,1,79
139,-0.6,1,1,80
140,-0.6,3,1,80
141,-0.5,1,1,81
142,-0.5,3,1,81
143,-0.4,2,1,82
144,-0.4,2,1,83
145,-0.4,2,1,84
146,-0.2,2,1,85
147,0.1,2,1,86
148,0.4,2,1,87
149,0.7,4,1,88
150,0.7,5,1,88
151,0.9,4,1,89
152,0.9,5,1,89
153,1.1,4,1,90
154,1.1,5,1,90
155,1.2,4,1,91
156,1.2,5,1,91
157,1.3,4,1,92
158,1.3,5,1,92
159,1.3,4,1,93
160,1.3,5,1,93
161,1.4,4,1,94
162,1.4,5,1,94
163,1.5,4,1,95
164,1.5,5,1,95
165,1.7,4,1,96
166,1.7,5,1,96
167,1.8,4,1,97
168,1.8,5,1,97
169,1.7,4,1,98
170,1.7,5,1,98
171,1.3,4,1,99
172,1.3,5,1,99
173,0.9,4,1,100
174,0.9,5,1,100
175,0.7,4,1,101
176,0.7,5,1,101
177,0.6,4,1,102
178,0.6,5,1,102
179,0.6,4,1,103
180,0.6,5,1,103
181,0.4,2,1,104
182,0.4,2,1,105
183,0.4,2,1,106
184,0.5,4,1,107
185,0.5,5,1,107
186,0.6,4,1,108
187,0.6,5,1,108
188,0.6,4,1,109
189,0.6,5,1,109
190,0.6,4,1,110
191,0.6,5,1,110
192,0.5,4,1,111
193,0.5,5,1,111
194,0.3,2,1,112
195,0.2,2,1,113
196,-0.1,2,1,114
197,-0.2,2,1,115
198,-0.3,2,1,116
199,-0.1,2,1,117
200,-0.0,2,1,118
201,0.0,2,1,119
202,-0.0,2,1,120
203,-0.1,2,1,121
204,-0.1,2,1,122
205,-0.1,2,1,123
206,0.0,2,1,124
207,0.0,2,1,125
208,0.0,2,1,126
209,0.1,2,1,127
210,0.2,2,1,128
211,0.3,2,1,129
212,0.2,2,1,130
213,0.1,2,1,131
214,0.0,2,1,132
215,0.0,2,1,133
216,0.0,2,1,134
217,0.0,2,1,135
218,0.1,2,1,136
219,0.2,2,1,137
220,0.3,2,1,138
221,0.1,2,1,139
222,-0.1,2,1,140
223,-0.3,2,1,141
224,-0.3,2,1,142
225,-0.2,2,1,143
226,-0.2,2,1,144
227,-0.2,2,1,145
228,-0.2,2,1,146
229,-0.2,2,1,147
230,-0.3,2,1,148
231,-0.3,2,1,149
232,-0.2,2,1,150
233,-0.0,2,1,151
234,-0.1,2,1,152
235,-0.1,2,1,153
236,-0.2,2,1,154
237,-0.3,2,1,155
238,-0.4,2,1,156
239,-0.4,2,1,157
240,-0.2,2,1,158
241,0.2,2,1,159
242,0.3,2,1,160
243,0.3,2,1,161
244,0.5,4,1,162
245,0.5,5,1,162
246,0.9,4,1,163
247,0.9,5,1,163
248,1.1,4,1,164
249,1.1,5,1,164
250,1.2,4,1,165
251,1.2,5,1,165
252,1.3,4,1,166
253,1.3,5,1,166
254,1.4,4,1,167
255,1.4,5,1,167
256,1.3,4,1,168
257,1.3,5,1,168
258,1.1,4,1,169
259,1.1,5,1,169
260,0.6,4,1,170
261,0.6,5,1,170
262,0.1,2,1,171
263,-0.3,2,1,172
264,-0.6,1,1,173
265,-0.6,3,1,173
266,-0.6,1,1,174
267,-0.6,3,1,174
268,-0.6,1,1,175
269,-0.6,3,1,175
270,-0.7,1,1,176
271,-0.7,3,1,176
272,-0.8,1,1,177
273,-0.8,3,1,177
274,-0.8,1,1,178
275,-0.8,3,1,178
276,-0.8,1,1,179
277,-0.8,3,1,179
278,-0.8,1,1,180
279,-0.8,3,1,180
280,-0.6,1,1,181
281,-0.6,3,1,181
282,-0.3,2,1,182
283,-0.1,2,1,183
284,0.2,2,1,184
285,0.5,4,1,185
286,0.5,5,1,185
287,0.8,4,1,186
288,0.8,5,1,186
289,1.2,4,1,187
290,1.2,5,1,187
291,1.5,4,1,188
292,1.5,5,1,188
293,1.8,4,1,189
294,1.8,5,1,189
295,2.0,4,1,190
296,2.0,5,1,190
297,2.0,4,1,191
298,2.0,5,1,191
299,1.7,4,1,192
300,1.7,5,1,192
301,1.4,4,1,193
302,1.4,5,1,193
303,1.2,4,1,194
304,1.2,5,1,194
305,1.0,4,1,195
306,1.0,5,1,195
307,0.7,4,1,196
308,0.7,5,1,196
309,0.4,2,1,197
310,0.2,2,1,198
311,0.2,2,1,199
312,0.1,2,1,200
313,-0.0,2,1,201
314,-0.1,2,1,202
315,-0.2,2,1,203
316,-0.3,2,1,204
317,-0.4,2,1,205
318,-0.5,1,1,206
319,-0.5,3,1,206
320,-0.5,1,1,207
321,-0.5,3,1,207
322,-0.4,2,1,208
323,-0.2,2,1,209
324,-0.0,2,1,210
325,0.0,2,1,211
326,-0.2,2,1,212
327,-0.3,2,1,213
328,-0.4,2,1,214
329,-0.3,2,1,215
330,-0.4,2,1,216
331,-0.6,1,1,217
332,-0.6,3,1,217
333,-0.7,1,1,218
334,-0.7,3,1,218
335,-0.6,1,1,219
336,-0.6,3,1,219
337,-0.4,2,1,220
338,-0.0,2,1,221
339,0.3,2,1,222
340,0.6,4,1,223
341,0.6,5,1,223
342,0.5,4,1,224
343,0.5,5,1,224
344,0.4,2,1,225
345,0.6,4,1,226
346,0.6,5,1,226
347,0.7,4,1,227
348,0.7,5,1,227
349,1.0,4,1,228
350,1.0,5,1,228
351,1.1,4,1,229
352,1.1,5,1,229
353,1.1,4,1,230
354,1.1,5,1,230
355,1.0,4,1,231
356,1.0,5,1,231
357,0.8,4,1,232
358,0.8,5,1,232
359,0.6,4,1,233
360,0.6,5,1,233
361,0.4,2,1,234
362,0.4,2,1,235
363,0.5,4,1,236
364,0.5,5,1,236
365,0.8,4,1,237
366,0.8,5,1,237
367,0.9,4,1,238
368,0.9,5,1,238
369,0.8,4,1,239
370,0.8,5,1,239
371,0.6,4,1,240
372,0.6,5,1,240
373,0.5,4,1,241
374,0.5,5,1,241
375,0.3,2,1,242
376,0.3,2,1,243
377,0.2,2,1,244
378,0.0,2,1,245
379,-0.3,2,1,246
380,-0.6,1,1,247
381,-0.6,3,1,247
382,-0.8,1,1,248
383,-0.8,3,1,248
384,-0.8,1,1,249
385,-0.8,3,1,249
386,-0.7,1,1,250
387,-0.7,3,1,250
388,-0.9,1,1,251
389,-0.9,3,1,251
390,-1.2,1,1,252
391,-1.2,3,1,252
392,-1.4,1,1,253
393,-1.4,3,1,253
394,-1.4,1,1,254
395,-1.4,3,1,254
396,-1.1,1,1,255
397,-1.1,3,1,255
398,-0.8,1,1,256
399,-0.8,3,1,256
400,-0.7,1,1,257
401,-0.7,3,1,257
402,-0.7,1,1,258
403,-0.7,3,1,258
404,-0.8,1,1,259
405,-0.8,3,1,259
406,-0.8,1,1,260
407,-0.8,3,1,260
408,-0.8,1,1,261
409,-0.8,3,1,261
410,-0.8,1,1,262
411,-0.8,3,1,262
412,-1.0,1,1,263
413,-1.0,3,1,263
414,-0.9,1,1,264
415,-0.9,3,1,264
416,-0.7,1,1,265
417,-0.7,3,1,265
418,-0.4,2,1,266
419,0.1,2,1,267
420,0.4,2,1,268
421,0.7,4,1,269
422,0.7,5,1,269
423,0.9,4,1,270
424,0.9,5,1,270
425,1.1,4,1,271
426,1.1,5,1,271
427,1.4,4,1,272
428,1.4,5,1,272
429,1.6,4,1,273
430,1.6,5,1,273
431,1.8,4,1,274
432,1.8,5,1,274
433,2.1,4,1,275
434,2.1,5,1,275
435,2.1,4,1,276
436,2.1,5,1,276
437,1.8,4,1,277
438,1.8,5,1,277
439,1.2,4,1,278
440,1.2,5,1,278
441,0.5,4,1,279
442,0.5,5,1,279
443,-0.1,2,1,280
444,-0.5,1,1,281
445,-0.5,3,1,281
446,-0.9,1,1,282
447,-0.9,3,1,282
448,-1.1,1,1,283
449,-1.1,3,1,283
450,-1.3,1,1,284
451,-1.3,3,1,284
452,-1.4,1,1,285
453,-1.4,3,1,285
454,-1.7,1,1,286
455,-1.7,3,1,286
456,-2.0,1,1,287
457,-2.0,3,1,287
458,-2.0,1,1,288
459,-2.0,3,1,288
460,-1.8,1,1,289
461,-1.8,3,1,289
462,-1.6,1,1,290
463,-1.6,3,1,290
464,-1.2,1,1,291
465,-1.2,3,1,291
466,-1.0,1,1,292
467,-1.0,3,1,292
468,-0.9,1,1,293
469,-0.9,3,1,293
470,-0.8,1,1,294
471,-0.8,3,1,294
472,-0.5,1,1,295
473,-0.5,3,1,295
474,-0.4,2,1,296
475,-0.4,2,1,297
476,-0.6,1,1,298
477,-0.6,3,1,298
478,-0.8,1,1,299
479,-0.8,3,1,299
480,-0.6,1,1,300
481,-0.6,3,1,300
482,-0.5,1,1,301
483,-0.5,3,1,301
484,-0.6,1,1,302
485,-0.6,3,1,302
486,-0.6,1,1,303
487,-0.6,3,1,303
488,-0.7,1,1,304
489,-0.7,3,1,304
490,-0.8,1,1,305
491,-0.8,3,1,305
492,-1.0,1,1,306
493,-1.0,3,1,306
494,-1.1,1,1,307
495,-1.1,3,1,307
496,-1.2,1,1,308
497,-1.2,3,1,308
498,-1.4,1,1,309
499,-1.4,3,1,309
500,-1.4,1,1,310
501,-1.4,3,1,310
502,-1.6,1,1,311
503,-1.6,3,1,311
504,-1.6,1,1,312
505,-1.6,3,1,312
506,-1.6,1,1,313
507,-1.6,3,1,313
508,-1.2,1,1,314
509,-1.2,3,1,314
510,-0.7,1,1,315
511,-0.7,3,1,315
512,-0.5,1,1,316
513,-0.5,3,1,316
514,-0.3,2,1,317
515,-0.0,2,1,318
516,0.2,2,1,319
517,0.4,2,1,320
518,0.6,4,1,321
519,0.6,5,1,321
520,0.8,4,1,322
521,0.8,5,1,322
522,0.9,4,1,323
523,0.9,5,1,323
524,0.8,4,1,324
525,0.8,5,1,324
526,0.7,4,1,325
527,0.7,5,1,325
528,0.6,4,1,326
529,0.6,5,1,326
530,0.3,2,1,327
531,0.2,2,1,328
532,0.2,2,1,329
533,0.3,2,1,330
534,0.4,2,1,331
535,0.4,2,1,332
536,0.6,4,1,333
537,0.6,5,1,333
538,0.7,4,1,334
539,0.7,5,1,334
540,0.8,4,1,335
541,0.8,5,1,335
542,0.8,4,1,336
543,0.8,5,1,336
544,0.7,4,1,337
545,0.7,5,1,337
546,0.4,2,1,338
547,0.1,2,1,339
548,-0.2,2,1,340
549,-0.3,2,1,341
550,-0.3,2,1,342
551,-0.4,2,1,343
552,-0.4,2,1,344
553,-0.4,2,1,345
554,-0.3,2,1,346
555,-0.1,2,1,347
556,0.0,2,1,348
557,0.0,2,1,349
558,0.1,2,1,350
559,0.2,2,1,351
560,0.3,2,1,352
561,0.2,2,1,353
562,0.0,2,1,354
563,0.0,2,1,355
564,0.2,2,1,356
565,0.3,2,1,357
566,0.4,2,1,358
567,0.5,4,1,359
568,0.5,5,1,359
569,0.6,4,1,360
570,0.6,5,1,360
571,0.6,4,1,361
572,0.6,5,1,361
573,0.5,4,1,362
574,0.5,5,1,362
575,0.3,2,1,363
576,0.4,2,1,364
577,0.5,4,1,365
578,0.5,5,1,365
579,0.5,4,1,366
580,0.5,5,1,366
581,0.2,2,1,367
582,0.0,2,1,368
583,-0.1,2,1,369
584,0.0,2,1,370
585,0.1,2,1,371
586,-0.0,2,1,372
587,-0.3,2,1,373
588,-0.5,1,1,374
589,-0.5,3,1,374
590,-0.5,1,1,375
591,-0.5,3,1,375
592,-0.4,2,1,376
593,-0.3,2,1,377
594,-0.3,2,1,378
595,-0.3,2,1,379
596,-0.2,2,1,380
597,-0.2,2,1,381
598,-0.1,2,1,382
599,-0.2,2,1,383
600,-0.1,2,1,384
601,-0.0,2,1,385
602,0.1,2,1,386
603,0.2,2,1,387
604,0.5,4,1,388
605,0.5,5,1,388
606,0.7,4,1,389
607,0.7,5,1,389
608,0.7,4,1,390
609,0.7,5,1,390
610,0.8,4,1,391
611,0.8,5,1,391
612,1.1,4,1,392
613,1.1,5,1,392
614,1.6,4,1,393
615,1.6,5,1,393
616,2.0,4,1,394
617,2.0,5,1,394
618,2.2,4,1,395
619,2.2,5,1,395
620,2.2,4,1,396
621,2.2,5,1,396
622,2.2,4,1,397
623,2.2,5,1,397
624,1.9,4,1,398
625,1.9,5,1,398
626,1.5,4,1,399
627,1.5,5,1,399
628,1.3,4,1,400
629,1.3,5,1,400
630,1.1,4,1,401
631,1.1,5,1,401
632,0.7,4,1,402
633,0.7,5,1,402
634,0.3,2,1,403
635,-0.1,2,1,404
636,-0.5,1,1,405
637,-0.5,3,1,405
638,-0.8,1,1,406
639,-0.8,3,1,406
640,-1.0,1,1,407
641,-1.0,3,1,407
642,-0.9,1,1,408
643,-0.9,3,1,408
644,-0.6,1,1,409
645,-0.6,3,1,409
646,-0.4,2,1,410
647,-0.3,2,1,411
648,-0.4,2,1,412
649,-0.5,1,1,413
650,-0.5,3,1,413
651,-0.4,2,1,414
652,-0.3,2,1,415
653,-0.2,2,1,416
654,-0.2,2,1,417
655,-0.6,1,1,418
656,-0.6,3,1,418
657,-0.9,1,1,419
658,-0.9,3,1,419
659,-1.1,1,1,420
660,-1.1,3,1,420
661,-1.0,1,1,421
662,-1.0,3,1,421
663,-0.8,1,1,422
664,-0.8,3,1,422
665,-0.8,1,1,423
666,-0.8,3,1,423
667,-0.8,1,1,424
668,-0.8,3,1,424
669,-0.8,1,1,425
670,-0.8,3,1,425
671,-0.6,1,1,426
672,-0.6,3,1,426
673,-0.5,1,1,427
674,-0.5,3,1,427
675,-0.5,1,1,428
676,-0.5,3,1,428
677,-0.4,2,1,429
678,-0.4,2,1,430
679,-0.3,2,1,431
680,-0.4,2,1,432
681,-0.5,1,1,433
682,-0.5,3,1,433
683,-0.5,1,1,434
684,-0.5,3,1,434
685,-0.3,2,1,435
686,-0.2,2,1,436
687,-0.1,2,1,437
688,-0.0,2,1,438
689,0.2,2,1,439
690,0.4,2,1,440
691,0.7,4,1,441
692,0.7,5,1,441
693,0.9,4,1,442
694,0.9,5,1,442
695,1.1,4,1,443
696,1.1,5,1,443
697,1.2,4,1,444
698,1.2,5,1,444
699,1.2,4,1,445
700,1.2,5,1,445
701,1.2,4,1,446
702,1.2,5,1,446
703,1.1,4,1,447
704,1.1,5,1,447
705,1.0,4,1,448
706,1.0,5,1,448
707,1.0,4,1,449
708,1.0,5,1,449
709,1.2,4,1,450
710,1.2,5,1,450
711,1.5,4,1,451
712,1.5,5,1,451
713,1.7,4,1,452
714,1.7,5,1,452
715,1.6,4,1,453
716,1.6,5,1,453
717,1.5,4,1,454
718,1.5,5,1,454
719,1.2,4,1,455
720,1.2,5,1,455
721,1.1,4,1,456
722,1.1,5,1,456
723,0.8,4,1,457
724,0.8,5,1,457
725,0.5,4,1,458
726,0.5,5,1,458
727,0.1,2,1,459
728,-0.3,2,1,460
729,-0.9,1,1,461
730,-0.9,3,1,461
731,-1.3,1,1,462
732,-1.3,3,1,462
733,-1.3,1,1,463
734,-1.3,3,1,463
735,-1.1,1,1,464
736,-1.1,3,1,464
737,-1.2,1,1,465
738,-1.2,3,1,465
739,-1.5,1,1,466
740,-1.5,3,1,466
741,-1.8,1,1,467
742,-1.8,3,1,467
743,-1.8,1,1,468
744,-1.8,3,1,468
745,-1.7,1,1,469
746,-1.7,3,1,469
747,-1.4,1,1,470
748,-1.4,3,1,470
749,-1.1,1,1,471
750,-1.1,3,1,471
751,-0.8,1,1,472
752,-0.8,3,1,472
753,-0.6,1,1,473
754,-0.6,3,1,473
755,-0.4,2,1,474
756,-0.3,2,1,475
757,-0.3,2,1,476
758,-0.2,2,1,477
759,-0.2,2,1,478
760,-0.2,2,1,479
761,-0.0,2,1,480
762,0.1,2,1,481
763,0.2,2,1,482
764,0.3,2,1,483
765,0.3,2,1,484
766,0.3,2,1,485
767,0.3,2,1,486
768,0.3,2,1,487
769,0.4,2,1,488
770,0.4,2,1,489
771,0.4,2,1,490
772,0.4,2,1,491
773,0.4,2,1,492
774,0.4,2,1,493
775,0.3,2,1,494
776,0.2,2,1,495
777,0.3,2,1,496
778,0.4,2,1,497
779,0.6,4,1,498
780,0.6,5,1,498
781,0.7,4,1,499
782,0.7,5,1,499
783,0.6,4,1,500
784,0.6,5,1,500
785,0.6,4,1,501
786,0.6,5,1,501
787,0.8,4,1,502
788,0.8,5,1,502
789,1.2,4,1,503
790,1.2,5,1,503
791,1.5,4,1,504
792,1.5,5,1,504
793,1.7,4,1,505
794,1.7,5,1,505
795,1.6,4,1,506
796,1.6,5,1,506
797,1.5,4,1,507
798,1.5,5,1,507
799,1.3,4,1,508
800,1.3,5,1,508
801,1.1,4,1,509
802,1.1,5,1,509
803,0.7,4,1,510
804,0.7,5,1,510
805,0.4,2,1,511
806,0.1,2,1,512
807,-0.1,2,1,513
808,-0.2,2,1,514
809,-0.3,2,1,515
810,-0.1,2,1,516
811,0.1,2,1,517
812,0.3,2,1,518
813,0.5,4,1,519
814,0.5,5,1,519
815,0.7,4,1,520
816,0.7,5,1,520
817,0.7,4,1,521
818,0.7,5,1,521
819,0.6,4,1,522
820,0.6,5,1,522
821,0.3,2,1,523
822,0.2,2,1,524
823,0.2,2,1,525
824,0.1,2,1,526
825,0.0,2,1,527
826,0.1,2,1,528
827,0.1,2,1,529
828,0.1,2,1,530
829,0.2,2,1,531
830,0.3,2,1,532
831,0.4,2,1,533
832,0.4,2,1,534
833,0.4,2,1,535
834,0.4,2,1,536
835,0.6,4,1,537
836,0.6,5,1,537
837,0.7,4,1,538
838,0.7,5,1,538
839,1.0,4,1,539
840,1.0,5,1,539
841,1.1,4,1,540
842,1.1,5,1,540
843,1.0,4,1,541
844,1.0,5,1,541
845,0.7,4,1,542
846,0.7,5,1,542
847,0.5,4,1,543
848,0.5,5,1,543
849,0.3,2,1,544
850,0.1,2,1,545
851,-0.0,2,1,546
852,-0.2,2,1,547
853,-0.5,1,1,548
854,-0.5,3,1,548
855,-0.8,1,1,549
856,-0.8,3,1,549
857,-1.0,1,1,550
858,-1.0,3,1,550
859,-1.0,1,1,551
860,-1.0,3,1,551
861,-1.0,1,1,552
862,-1.0,3,1,552
863,-0.9,1,1,553
864,-0.9,3,1,553
865,-0.8,1,1,554
866,-0.8,3,1,554
867,-0.6,1,1,555
868,-0.6,3,1,555
869,-0.4,2,1,556
870,-0.3,2,1,557
871,-0.3,2,1,558
872,-0.3,2,1,559
873,-0.3,2,1,560
874,-0.4,2,1,561
875,-0.4,2,1,562
876,-0.4,2,1,563
877,-0.5,1,1,564
878,-0.5,3,1,564
879,-0.5,1,1,565
880,-0.5,3,1,565
881,-0.4,2,1,566
882,-0.1,2,1,567
883,0.3,2,1,568
884,0.8,4,1,569
885,0.8,5,1,569
886,1.2,4,1,570
887,1.2,5,1,570
888,1.6,4,1,571
889,1.6,5,1,571
890,1.9,4,1,572
891,1.9,5,1,572
892,2.1,4,1,573
893,2.1,5,1,573
894,2.3,4,1,574
895,2.3,5,1,574
896,2.4,4,1,575
897,2.4,5,1,575
898,2.4,4,1,576
899,2.4,5,1,576
900,2.2,4,1,577
901,2.2,5,1,577
902,1.9,4,1,578
903,1.9,5,1,578
904,1.4,4,1,579
905,1.4,5,1,579
906,1.0,4,1,580
907,1.0,5,1,580
908,0.4,2,1,581
909,-0.1,2,1,582
910,-0.8,1,1,583
911,-0.8,3,1,583
912,-1.1,1,1,584
913,-1.1,3,1,584
914,-1.3,1,1,585
915,-1.3,3,1,585
916,-1.4,1,1,586
917,-1.4,3,1,586
918,-1.5,1,1,587
919,-1.5,3,1,587
920,-1.6,1,1,588
921,-1.6,3,1,588
922,-1.6,1,1,589
923,-1.6,3,1,589
924,-1.3,1,1,590
925,-1.3,3,1,590
926,-1.1,1,1,591
927,-1.1,3,1,591
928,-1.0,1,1,592
929,-1.0,3,1,592
930,-1.0,1,1,593
931,-1.0,3,1,593
932,-1.0,1,1,594
933,-1.0,3,1,594
934,-1.1,1,1,595
935,-1.1,3,1,595
936,-1.1,1,1,596
937,-1.1,3,1,596
938,-1.2,1,1,597
939,-1.2,3,1,597
940,-1.3,1,1,598
941,-1.3,3,1,598
942,-1.5,1,1,599
943,-1.5,3,1,599
944,-1.6,1,1,600
945,-1.6,3,1,600
946,-1.7,1,1,601
947,-1.7,3,1,601
948,-1.4,1,1,602
949,-1.4,3,1,602
950,-1.1,1,1,603
951,-1.1,3,1,603
952,-0.8,1,1,604
953,-0.8,3,1,604
954,-0.7,1,1,605
955,-0.7,3,1,605
956,-0.6,1,1,606
957,-0.6,3,1,606
958,-0.6,1,1,607
959,-0.6,3,1,607
960,-0.5,1,1,608
961,-0.5,3,1,608
962,-0.6,1,1,609
963,-0.6,3,1,609
964,-0.6,1,1,610
965,-0.6,3,1,610
966,-0.8,1,1,611
967,-0.8,3,1,611
968,-0.7,1,1,612
969,-0.7,3,1,612
970,-0.7,1,1,613
971,-0.7,3,1,613
972,-0.5,1,1,614
973,-0.5,3,1,614
974,-0.4,2,1,615
975,-0.3,2,1,616
976,-0.2,2,1,617
977,-0.1,2,1,618
978,-0.1,2,1,619
979,-0.1,2,1,620
980,-0.2,2,1,621
981,-0.3,2,1,622
982,-0.4,2,1,623
983,-0.3,2,1,624
984,-0.2,2,1,625
985,0.0,2,1,626
986,0.1,2,1,627
987,0.2,2,1,628
988,0.4,2,1,629
989,0.6,4,1,630
990,0.6,5,1,630
991,0.8,4,1,631
992,0.8,5,1,631
993,0.9,4,1,632
994,0.9,5,1,632
995,1.0,4,1,633
996,1.0,5,1,633
997,1.2,4,1,634
998,1.2,5,1,634
999,1.3,4,1,635
1000,1.3,5,1,635
1001,1.1,4,1,636
1002,1.1,5,1,636
1003,0.9,4,1,637
1004,0.9,5,1,637
1005,0.6,4,1,638
1006,0.6,5,1,638
1007,0.4,2,1,639
1008,-0.0,2,1,640
1009,-0.3,2,1,641
1010,-0.2,2,1,642
1011,0.1,2,1,643
1012,0.2,2,1,644
1013,0.3,2,1,645
1014,0.3,2,1,646
1015,0.4,2,1,647
1016,0.4,2,1,648
1017,0.4,2,1,649
1018,0.3,2,1,650
1019,0.2,2,1,651
1020,0.2,2,1,652
1021,0.2,2,1,653
1022,0.3,2,1,654
1023,0.5,4,1,655
1024,0.5,5,1,655
1025,0.6,4,1,656
1026,0.6,5,1,656
1027,0.7,4,1,657
1028,0.7,5,1,657
1029,0.7,4,1,658
1030,0.7,5,1,658
1031,0.7,4,1,659
1032,0.7,5,1,659
1033,0.7,4,1,660
1034,0.7,5,1,660
1035,0.6,4,1,661
1036,0.6,5,1,661
1037,0.6,4,1,662
1038,0.6,5,1,662
1039,0.4,2,1,663
1040,0.4,2,1,664
1041,0.3,2,1,665
1042,0.1,2,1,666
1043,-0.1,2,1,667
1044,-0.1,2,1,668
1045,-0.1,2,1,669
1046,-0.3,2,1,670
1047,-0.6,1,1,671
1048,-0.6,3,1,671
1049,-0.8,1,1,672
1050,-0.8,3,1,672
1051,-0.8,1,1,673
1052,-0.8,3,1,673
1053,-0.8,1,1,674
1054,-0.8,3,1,674
1055,-0.6,1,1,675
1056,-0.6,3,1,675
1057,-0.4,2,1,676
1058,-0.1,2,1,677
1059,-0.0,2,1,678
1060,0.1,2,1,679
1061,0.3,2,1,680
1062,0.5,4,1,681
1063,0.5,5,1,681
1064,0.8,4,1,682
1065,0.8,5,1,682
1066,0.9,4,1,683
1067,0.9,5,1,683
1068,0.9,4,1,684
1069,0.9,5,1,684
1070,0.7,4,1,685
1071,0.7,5,1,685
1072,0.2,2,1,686
1073,-0.1,2,1,687
1074,-0.3,2,1,688
1075,-0.4,2,1,689
1076,-0.5,1,1,690
1077,-0.5,3,1,690
1078,-0.6,1,1,691
1079,-0.6,3,1,691
1080,-0.8,1,1,692
1081,-0.8,3,1,692
1082,-1.1,1,1,693
1083,-1.1,3,1,693
1084,-1.3,1,1,694
1085,-1.3,3,1,694
1086,-1.5,1,1,695
1087,-1.5,3,1,695
1088,-1.6,1,1,696
1089,-1.6,3,1,696
1090,-1.6,1,1,697
1091,-1.6,3,1,697
1092,-1.5,1,1,698
1093,-1.5,3,1,698
1094,-1.3,1,1,699
1095,-1.3,3,1,699
1096,-1.0,1,1,700
1097,-1.0,3,1,700
1098,-0.8,1,1,701
1099,-0.8,3,1,701
1100,-0.6,1,1,702
1101,-0.6,3,1,702
1102,-0.4,2,1,703
1103,-0.2,2,1,704
1104,-0.2,2,1,705
1105,-0.4,2,1,706
1106,-0.6,1,1,707
1107,-0.6,3,1,707
1108,-0.7,1,1,708
1109,-0.7,3,1,708
1110,-0.8,1,1,709
1111,-0.8,3,1,709
1112,-0.8,1,1,710
1113,-0.8,3,1,710
1114,-0.6,1,1,711
1115,-0.6,3,1,711
1116,-0.3,2,1,712
1117,0.0,2,1,713
1118,0.3,2,1,714
1119,0.4,2,1,715
1120,0.6,4,1,716
1121,0.6,5,1,716
1122,0.7,4,1,717
1123,0.7,5,1,717
1124,1.0,4,1,718
1125,1.0,5,1,718
1126,1.4,4,1,719
1127,1.4,5,1,719
1128,1.6,4,1,720
1129,1.6,5,1,720
1130,1.5,4,1,721
1131,1.5,5,1,721
1132,1.2,4,1,722
1133,1.2,5,1,722
1134,0.8,4,1,723
1135,0.8,5,1,723
1136,0.4,2,1,724
1137,-0.2,2,1,725
1138,-0.7,1,1,726
1139,-0.7,3,1,726
1140,-1.0,1,1,727
1141,-1.0,3,1,727
1142,-1.4,1,1,728
1143,-1.4,3,1,728
1144,-1.6,1,1,729
1145,-1.6,3,1,729
1146,-1.6,1,1,730
1147,-1.6,3,1,730
1148,-1.6,1,1,731
1149,-1.6,3,1,731
1150,-1.6,1,1,732
1151,-1.6,3,1,732
1152,-1.4,1,1,733
1153,-1.4,3,1,733
1154,-1.2,1,1,734
1155,-1.2,3,1,734
1156,-0.9,1,1,735
1157,-0.9,3,1,735
1158,-0.7,1,1,736
1159,-0.7,3,1,736
1160,-0.6,1,1,737
1161,-0.6,3,1,737
1162,-0.4,2,1,738
1163,-0.5,1,1,739
1164,-0.5,3,1,739
1165,-0.6,1,1,740
1166,-0.6,3,1,740
1167,-0.8,1,1,741
1168,-0.8,3,1,741
1169,-1.0,1,1,742
1170,-1.0,3,1,742
1171,-1.1,1,1,743
1172,-1.1,3,1,743
1173,-1.0,1,1,744
1174,-1.0,3,1,744
1175,-0.9,1,1,745
1176,-0.9,3,1,745
1177,-0.7,1,1,746
1178,-0.7,3,1,746
1179,-0.6,1,1,747
1180,-0.6,3,1,747
1181,-0.5,1,1,748
1182,-0.5,3,1,748
1183,-0.3,2,1,749
1184,-0.0,2,1,750
1185,0.2,2,1,751
1186,0.4,2,1,752
1187,0.4,2,1,753
1188,0.3,2,1,754
1189,0.0,2,1,755
1190,-0.2,2,1,756
1191,-0.4,2,1,757
1192,-0.4,2,1,758
1193,-0.3,2,1,759
1194,-0.3,2,1,760
1195,-0.4,2,1,761
1196,-0.4,2,1,762
1197,-0.4,2,1,763
1198,-0.3,2,1,764
1199,-0.3,2,1,765
1200,-0.2,2,1,766
1201,-0.2,2,1,767
1202,-0.3,2,1,768
1203,-0.4,2,1,769
1204,-0.5,1,1,770
1205,-0.5,3,1,770
1206,-0.3,2,1,771
1207,0.0,2,1,772
1208,0.2,2,1,773
1209,0.2,2,1,774
1210,0.0,2,1,775
1211,0.1,2,1,776
1212,0.2,2,1,777
1213,0.5,4,1,778
1214,0.5,5,1,778
1215,0.6,4,1,779
1216,0.6,5,1,779
1217,0.7,4,1,780
1218,0.7,5,1,780
1219,0.6,4,1,781
1220,0.6,5,1,781
1221,0.5,4,1,782
1222,0.5,5,1,782
1223,0.5,4,1,783
1224,0.5,5,1,783
1225,0.7,4,1,784
1226,0.7,5,1,784
1227,0.9,4,1,785
1228,0.9,5,1,785
1229,1.2,4,1,786
1230,1.2,5,1,786
1231,1.5,4,1,787
1232,1.5,5,1,787
1233,1.9,4,1,788
1234,1.9,5,1,788
1235,2.2,4,1,789
1236,2.2,5,1,789
1237,2.4,4,1,790
1238,2.4,5,1,790
1239,2.6,4,1,791
1240,2.6,5,1,791
1241,2.6,4,1,792
1242,2.6,5,1,792
1243,2.5,4,1,793
1244,2.5,5,1,793
1245,2.1,4,1,794
1246,2.1,5,1,794
1247,1.6,4,1,795
1248,1.6,5,1,795
1249,0.9,4,1,796
1250,0.9,5,1,796
1251,0.4,2,1,797
1252,-0.1,2,1,798
1253,-0.4,2,1,799
1254,-0.5,1,1,800
1255,-0.5,3,1,800
1256,-0.6,1,1,801
1257,-0.6,3,1,801
1258,-0.7,1,1,802
1259,-0.7,3,1,802
1260,-0.7,1,1,803
1261,-0.7,3,1,803
1262,-0.6,1,1,804
1263,-0.6,3,1,804
1264,-0.3,2,1,805
1265,-0.2,2,1,806
1266,0.0,2,1,807
1267,0.2,2,1,808
1268,0.3,2,1,809
1269,0.3,2,1,810
1270,0.1,2,1,811
1271,-0.1,2,1,812
1272,-0.4,2,1,813
1273,-0.6,1,1,814
1274,-0.6,3,1,814
1275,-0.8,1,1,815
1276,-0.8,3,1,815
1277,-1.0,1,1,816
1278,-1.0,3,1,816
1279,-0.9,1,1,817
1280,-0.9,3,1,817
1281,-0.8,1,1,818
1282,-0.8,3,1,818
1283,-0.7,1,1,819
1284,-0.7,3,1,819
1285,-0.5,1,1,820
1286,-0.5,3,1,820
1287,-0.2,2,1,821
1288,-0.0,2,1,822
1289,0.1,2,1,823
1290,0.2,2,1,824
1291,0.5,4,1,825
1292,0.5,5,1,825
1293,0.8,4,1,826
1294,0.8,5,1,826
1295,0.9,4,1,827
1296,0.9,5,1,827
1297,0.8,4,1,828
1298,0.8,5,1,828
1299,0.8,4,1,829
1300,0.8,5,1,829
1301,0.7,4,1,830
1302,0.7,5,1,830
1303,0.7,4,1,831
1304,0.7,5,1,831
1305,0.7,4,1,832
1306,0.7,5,1,832
1307,0.5,4,1,833
1308,0.5,5,1,833
1309,0.4,2,1,834
1310,0.3,2,1,835
1311,0.1,2,1,836
1312,0.2,2,1,837
1313,0.4,2,1,838
1314,0.5,4,1,839
1315,0.5,5,1,839
1316,0.6,4,1,840
1317,0.6,5,1,840
1318,0.5,4,1,841
1319,0.5,5,1,841
1320,0.5,4,1,842
1321,0.5,5,1,842
1322,0.4,2,1,843
1323,0.2,2,1,844
1324,-0.1,2,1,845
1325,-0.3,2,1,846
1326,-0.4,2,1,847
1327,-0.6,1,1,848
1328,-0.6,3,1,848
1329,-0.9,1,1,849
1330,-0.9,3,1,849
1331,-1.2,1,1,850
1332,-1.2,3,1,850
1333,-1.3,1,1,851
1334,-1.3,3,1,851
1335,-1.2,1,1,852
1336,-1.2,3,1,852
1337,-1.0,1,1,853
1338,-1.0,3,1,853
1339,-0.9,1,1,854
1340,-0.9,3,1,854
1341,-0.8,1,1,855
1342,-0.8,3,1,855
1343,-0.7,1,1,856
1344,-0.7,3,1,856
1345,-0.5,1,1,857
1346,-0.5,3,1,857
1347,-0.4,2,1,858
1348,-0.4,2,1,859
1349,-0.5,1,1,860
1350,-0.5,3,1,860
1351,-0.7,1,1,861
1352,-0.7,3,1,861
1353,-0.8,1,1,862
1354,-0.8,3,1,862
1355,-1.0,1,1,863
1356,-1.0,3,1,863
1357,-1.0,1,1,864
1358,-1.0,3,1,864
1359,-1.0,1,1,865
1360,-1.0,3,1,865
1361,-0.9,1,1,866
1362,-0.9,3,1,866
1363,-1.0,1,1,867
1364,-1.0,3,1,867
1365,-1.1,1,1,868
1366,-1.1,3,1,868
1367,-1.0,1,1,869
1368,-1.0,3,1,869
1369,-0.8,1,1,870
1370,-0.8,3,1,870
1371,-0.8,1,1,871
1372,-0.8,3,1,871
1373,-0.9,1,1,872
1374,-0.9,3,1,872
1375,-1.0,1,1,873
1376,-1.0,3,1,873
1377,-1.0,1,1,874
1378,-1.0,3,1,874
1379,-0.9,1,1,875
1380,-0.9,3,1,875
1381,-0.8,1,1,876
1382,-0.8,3,1,876
1383,-0.7,1,1,877
1384,-0.7,3,1,877
1385,-0.4,2,1,878
1386,-0.2,2,1,879
1387,0.2,2,1,880
1388,0.5,4,1,881
1389,0.5,5,1,881
1390,0.8,4,1,882
1391,0.8,5,1,882
1392,1.1,4,1,883
1393,1.1,5,1,883
1394,1.3,4,1,884
1395,1.3,5,1,884
1396,1.6,4,1,885
1397,1.6,5,1,885
1398,1.8,4,1,886
1399,1.8,5,1,886
1400,1.9,4,1,887
1401,1.9,5,1,887
1402,2.0,4,1,888
1403,2.0,5,1,888
1404,1.8,4,1,889
1405,1.8,5,1,889
1406,1.5,4,1,890
1407,1.5,5,1,890
1408,1.1,4,1,891
1409,1.1,5,1,891
1410,0.7,4,1,892
1411,0.7,5,1,892
1412,0.4,2,1,893
1413,0.2,2,1,894
1414,0.0,2,1,895
1415,-0.1,2,1,896
